{
  "project_info": {
    "project_number": "273120811670",
    "project_id": "to-do-list-project-f44af",
    "storage_bucket": "to-do-list-project-f44af.appspot.com"
  },
  "client": [
    {
      "client_info": {
        "mobilesdk_app_id": "1:273120811670:android:482e36dd67644f6b6640b7",
        "android_client_info": {
          "package_name": "com.example.base_todolist"
        }
      },
      "oauth_client": [],
      "api_key": [
        {
          "current_key": "AIzaSyBeZ1tXPtJFyTqYutScohITeTZt8vfWvCc"
        }
      ],
      "services": {
        "appinvite_service": {
          "other_platform_oauth_client": []
        }
      }
    },
    {
      "client_info": {
        "mobilesdk_app_id": "1:273120811670:android:acd8d0a52310edf66640b7",
        "android_client_info": {
          "package_name": "com.example.todo_list"
        }
      },
      "oauth_client": [],
      "api_key": [
        {
          "current_key": "AIzaSyBeZ1tXPtJFyTqYutScohITeTZt8vfWvCc"
        }
      ],
      "services": {
        "appinvite_service": {
          "other_platform_oauth_client": []
        }
      }
    }
  ],
  "configuration_version": "1"
}